{
	"ImportPath": "github.com/cloudfoundry-samples/test-app",
	"GoVersion": "go1.5",
	"Deps": [
		{
			"ImportPath": "github.com/bmizerany/pat",
			"Rev": "b8a35001b773c267eb260a691f4e5499a3531600"
		},
		{
			"ImportPath": "github.com/pivotal-golang/lager",
			"Rev": "c88fa6d6c4d2f8a21a4599785211e41777750d34"
		},
		{
			"ImportPath": "github.com/tedsuo/ifrit",
			"Rev": "65ca48cd8a947d0e80efa4bda726f0363352e5f9"
		},
		{
			"ImportPath": "github.com/tedsuo/rata",
			"Rev": "6197c97c67a03bfd4d6977a3b6060d6c6b3d581f"
		}
	]
}
